id;first_name;last_name;father_nmae;national_code;birth_date;id_number;gender_type;address
1;Christine;Bartell;synthesizing Views e-enable;Credit Card Account National Awesome;2019-07-10;52083;MALE;scale interactive generating
2;Fletcher;Wintheiser;Home Loan Account;Plastic;2019-07-09;16526;MALE;index orange
3;Abner;Ankunding;magenta monitor 1080p;Unbranded Plastic Tuna Frozen;2019-07-09;85003;MALE;moratorium moratorium
4;Monte;McLaughlin;tangible Mississippi;Frozen bus;2019-07-09;72172;FEMALE;Poland
5;Hester;Brown;partnerships;Outdoors;2019-07-09;47537;FEMALE;Corporate Phased relationships
6;Nicolas;Doyle;Brand;neutral Salad;2019-07-09;62435;FEMALE;maroon
7;Simone;Tillman;projection Fresh;support Gorgeous;2019-07-10;64769;MALE;Games
8;Johnathon;Lesch;Bedfordshire Bahamian Dollar;24/7;2019-07-09;16829;MALE;Kenyan Shilling robust
9;Wanda;Funk;Exclusive Moroccan Dirham card;zero tolerance;2019-07-10;26678;MALE;encompassing
10;Sydnie;Nader;Canadian Dollar;Berkshire Designer;2019-07-10;59269;FEMALE;web-enabled invoice withdrawal
